id,first_name,last_name,email
1,Jimmie,Scarbarrow,jscarbarrow0@cnet.com
2,Kat,Colten,kcolten1@soundcloud.com
3,Lusa,Fearnill,lfearnill2@latimes.com
4,Dena,Garroway,dgarroway3@time.com
5,Zacharie,Vanni,zvanni4@com.com
6,Emmit,Neller,eneller5@ox.ac.uk
7,Anson,Everix,aeverix6@uiuc.edu
8,Devi,Messruther,dmessruther7@reverbnation.com
9,Corabel,Margaret,cmargaret8@amazon.com
10,Melly,Blazevic,mblazevic9@sun.com
